Unnamed: 0.2,Unnamed: 0.1,Unnamed: 0,UI/UX,Functionality,Subscription & Pricing,Content Quality,Rating,Komentar,Technical & Access
0,0,0,,,,,3.0,Bintang. :3. Score :7,
1,1,1,,,,,5.0,kompas is the best,
2,2,2,,,0,,4.0,berbayar untuk baca berita,
3,3,3,,,-1,,5.0,Kenapa malah ada iklanya...,
4,4,4,,,,1,5.0,berita up to date,
5,5,5,,,,,5.0,perlu pengetahuan & pengalaman.,
6,6,6,,,,1,5.0,"terpercaya beritanya, terstandarkan diksinya.",
7,7,7,,,,1,5.0,panjang umur jurnalisme 🔥,
8,8,8,,,,1,5.0,Beritanya dapat di percaya,
9,9,9,,,,,4.0,Suka hobi baca sy,
10,10,10,,,,-1,5.0,Kurang berani kritik pemerintah,
11,11,11,,,,1,5.0,Sangat up to date,
12,12,12,,,,1,5.0,berita yang sangat penting,
13,13,13,,,,-1,1.0,"Bintang 1, Kurang update",
14,14,14,,,,1,5.0,berita aktual dan akurat,
15,15,15,,,,1,5.0,laporan berita nya bagus,
16,16,16,,,,0,4.0,smoga terus memberi informasi,
17,17,17,,,,,5.0,"bagus. banyaklah membaca, ya.",
18,18,18,,,,1,5.0,membantu pengetahuan dan perkembangan...,
19,19,19,,,,-1,1.0,Mulai ga netral ini.,
20,20,20,,,1,,4.0,Aku beli premium. Puas,
21,21,21,,,,1,5.0,"jurnalisme berkualitas, ya Kompas",
22,22,22,,,,,5.0,S balacewarma janggelan sekian,
23,23,23,,,,1,5.0,informatif & inspiratif. KEREN,
24,24,24,,,,1,5.0,Jurnalis Lokal Kualitas Internasional....,
25,25,25,,,-1,,1.0,susah pembayaran untuk berlangganan,
26,26,26,,,,,2.0,video tidak bisa diputar,-1
27,27,27,,,,1,5.0,Berita aktual. Mantap pokoknya.,
28,28,28,,,,,1.0,Mengikuti inf. Kompas selengkapnja,
29,29,29,,,,1,5.0,Nyimak berita terbaru update....👍👍,
30,30,30,,,,,1.0,tidak bisa di buka,-1
31,31,31,,,,,5.0,Kompas tetap mantap .,
32,32,32,,,,1,5.0,"lebih akurat, tepat topik",
33,33,33,,,,1,5.0,berita aktual dan terpercaya,
34,34,34,,,,,5.0,kompas is the best,
35,35,35,,,,1,5.0,Lancar jaya dan lengkap..,1
36,36,36,,,,,5.0,Bru coba btg 5,
37,37,37,1,,,,5.0,nyaman dan enak dibaca,
38,38,38,,,,1,4.0,sangat membantu informasi masyarakat.,
39,39,39,,,,1,5.0,sangat informatif dan tuntas,
40,40,40,,,,1,5.0,Informasi akurat dan berkualitas.,
41,41,41,,,,1,5.0,Jurnalisme mendalam dan profesional,
42,42,42,,,1,,5.0,Menyenangkan lho berlangganan Kompas,
43,43,43,,,,1,5.0,"Berita terbaik,khusus saya peribadi",
44,44,44,,,,,5.0,Koran digital yang revolusioner,
45,45,45,,,1,,5.0,bagus ga banyak iklan...,
46,46,46,,,,,5.0,sangat Bagus dan keren,
47,47,47,,,-1,,1.0,tak rama sama kantong..,
48,48,48,,,,1,5.0,informasi yg ter update,
49,49,49,,,,,5.0,I love kompas id....,
50,50,50,,,,,4.0,Terimakasih sudah diperbaiki kinerjanya,1
51,51,51,,,,,5.0,Saya suka apps nya,
52,52,52,,,,,5.0,Paling bagus sekali Waooo,
53,53,53,,,,-1,1.0,Sering rasis..TDK Sesuai fakta,
54,54,54,,,,1,1.0,Sangat penting membaca berita,
55,55,55,,,,,5.0,platform digital yg mumpuni,
56,56,56,,,,,5.0,kompas bagus sekali bagus,
57,57,57,,,,0,5.0,Semoga akurat dan bermanfaat,
58,58,58,,,,,5.0,I like it forever,
59,59,59,,,,1,5.0,bagus dan komplit beritanys,
60,60,60,,,,1,5.0,berita terbaru dan terpercaya,
61,61,61,,,,1,5.0,ok bgt berita nya,
62,62,62,,,,-1,1.0,Media yg tidak independen,
63,63,63,,,,-1,3.0,Kompas jangan jadi kompor,
64,64,64,,,,,5.0,Bagus layanan ya bsik,
65,65,65,,,,,5.0,Good job Kompas 👍👍,
66,66,66,,,,1,5.0,Credible...beritanya mendalam. Banyak analisisnya,
67,67,67,,,,,5.0,Sopang santung terhadap teman,
68,68,68,,,,0,5.0,Ingin tau berita dunia,
69,69,69,,,,1,5.0,Berita no.1 di Indo,
70,70,70,,,,1,5.0,Terimakasih atas informasinya Bagus,
71,71,71,,,,,5.0,KOMPAS MAJU DAN HEBAT,
72,72,72,,,,,5.0,Saya belum bisa perbaharui,-1
73,73,73,,,,1,5.0,Berita2nya akurat dan lengkap,
74,74,74,,,,1,5.0,"Sangat update, terima kasih",
75,75,75,,,,,1.0,Jelek tidak bisa konek,-1
76,76,76,,,,,3.0,Oke lah aiing wkwkwk,
77,77,77,,,,-1,1.0,Sangat jelek tidak mendidik...,
78,78,78,,,-1,,1.0,Banyak iklan daripada berita!,
79,79,79,,,,,5.0,W NN dan pasar,
80,80,80,,,,1,5.0,Kompas memberi informasi baik,
81,81,81,,,,1,5.0,Bisa cepat mengetahui berita,
82,82,82,,,,1,5.0,Berita selali U apdet,
83,83,83,,,,1,3.0,Berita teraktual sajikan.pada says,
84,84,84,,,,,5.0,Sangat puas dengan gojek,
85,85,85,,,,1,5.0,"Pasti,aktual dan terpercaya.Terima Kasih.",
86,86,86,,,,1,5.0,Akurat dan berimbang 👍⭐⭐⭐⭐⭐,
87,87,87,,,-1,,2.0,Voucher nggak bisa dipakai,
88,88,88,,,,1,4.0,"Akurat, independen dan akuntable",
89,89,89,,,,1,5.0,Salah satu referensi terpercaya,
90,90,90,,,,1,4.0,Tertarik dengan update nya,
91,91,91,,,,0,1.0,Jadilah media yang kredibel,
92,92,92,,,,,1.0,Cukup ini aja dulu,
93,93,93,,,,1,4.0,Media informasi yg terbaik,
94,94,94,,,,1,5.0,Dapat mengikuti berita-berita terkini,
95,95,95,,,,,5.0,PT Kompas Media Nusantara,
96,96,96,,,,1,5.0,Cukup memuaskan dengan beritanya,
97,97,97,,,,1,5.0,"kompat akurat,padat dn terpercaya",
98,98,98,,,,-1,1.0,kompas berita kurang terupdate,
99,99,99,,,,1,5.0,Kompas beritanya dapat dipercaya.,
100,100,100,,,,,5.0,kabar terkini tentang pilpres,
101,101,101,,,,,5.0,mabtabbbb tab tab puasdss,
102,102,102,,,,,2.0,Tidak bisa memutar suara,-1
103,103,103,,,,-1,1.0,banyak berita hoak palsu,
104,104,104,,,0,,3.0,Sy ingin berita gratis,
105,105,105,,,,1,5.0,Berita up to date,
106,106,106,,,,0,4.0,Semoga beritanya selalu update,
107,107,107,,,,1,5.0,Informasi sangatlah dibutuhkan 😊,
108,108,108,,,,1,5.0,Berita Netral dan akurat,
109,109,109,-1,,,,5.0,Jangan dibuat ribet ajaa,
110,110,110,,,,,5.0,Lumayan buat waktu senggang,
111,111,111,,,0,,4.0,it's work..promonya agar diperpanjang.,
112,112,112,,,,,5.0,Harian Kompas luar biasa,
113,113,113,,,,1,5.0,Mantab... kontennya makin premium,
114,114,114,,,,1,5.0,Beritanya terbaru dan terpercaya,
115,115,115,,,,,4.0,Kompas top banget dah,
116,116,116,,,,,1.0,Auto hide tidak tampil,-1
117,117,117,,,1,1,5.0,"Artikel-artikel berkualitas, harga murah.",
118,118,118,,,,,5.0,Awesome 👏 kompas 👏❤️,
119,119,119,,,,,5.0,ka olin mirip pantun,
120,120,120,,,,,1.0,sering error. mohon diperbaiki,-1
121,121,121,1,,,,5.0,Dan nyaman dengan iPad,
122,122,122,-1,,,,2.0,Belum bisa back menu,
123,123,123,,,,1,5.0,terimakasih sudah memberikan informasi ketika dmn yg lain hanya diam,
124,124,124,,,,,4.0,saat ini 6 juni 2026 pkl 10.00 wib sampai sekarang kenapa tidak bisa buka kompas ya ?,-1
125,125,125,,,0,,1.0,ga bisa baca berita kalo ga bayar,
126,126,126,,,-1,,1.0,aplikasi kikir jangan di download 😡,
127,127,127,,,-1,,1.0,"Jelek bet, cuma buat buka berita harus bayar, gak jelas🤬🤬",
128,128,128,,,,,2.0,"dicoba dulu.. kalo ribet use nya, bye..hapuzz!",
129,129,129,,,,,2.0,lagi bermasalah ya aplikasinya? kok ga bisa login dan ga tampil di tiap rubrik berita2nya,-1
130,130,130,,,,,1.0,"ga bisa di baca, lama loading nya",-1
131,131,131,,,,1,5.0,"Mencerdaskan, Tepercaya dan Memperluas Wawasan. 👍",
132,132,132,,-1,,,1.0,gak sesuai dengan iklannya di produk google play store,
133,133,133,,-1,-1,,1.0,"enggk bisa di kliping ya, sedikit kecewa setelah kita dowload teryata enggk bisa di simpen ketika sudah tidak berlangganan",
134,134,134,,,,1,5.0,Aku lihat sih beritanya lengkap 😊😇🙏,
135,135,135,0,,,,5.0,Saran.. supaya bisa kompas.id dibaca secara layar landscape,
136,136,136,,,0,,2.0,apa harus langganan untuk baca berita?,
137,137,137,,,,,3.0,absolute cinema kembangkan lebih bagus lagi,
138,138,138,,,,1,5.0,lansia sangat membutuhkan berita terimakasih Kompas,
139,139,139,,,,,2.0,Sering kelogout sendiri dan masuknya susah.,-1
140,140,140,,,,1,5.0,best on the best nwes,
141,141,141,1,,,,4.0,"Sangat enak dibaca nggak pake mikir, langsung dicerna",
142,142,142,,,,0,5.0,Tetap S3mangat Kompas meningkatkan literasi indonesia,
143,143,143,,,,1,4.0,saya selalu tertarik dengan tulisan tulisan orang hebat yg dimuat oleh kompas.id. faktual dan aktual.,
144,144,144,,,,1,5.0,"Aktual, faktual, terpercaya, dan tidak memancing opini publik.",
145,145,145,,,-1,,1.0,"KECEWA BERLANGGANAN, seharusnya kompas biasa dan kompas .id gak perlu dipisah2 aksesnya. Bisa aja akal2in cari duitnya",
146,146,146,0,,,,5.0,Mohon untuk ada optimalisasi tampilan vertikal tab. Terimakasih,
147,147,147,,,,,4.0,"sejak thn1981 diMedan.. sy sdh baca harian kompas, .... karena bs melengkapi kliping koran sy u literatur",
148,148,148,,-1,,-1,1.0,"berita tidak update,, saya cari artikel tentang teknologi, berita yg mucul 3 bulan lalu",
149,149,149,,,,,5.0,"aplikasi berita yang sangat menarik, interface yg sangat ringan dan bener2 bermanfaat bgt",1
150,150,150,,,-1,,1.0,"Kebanyakan iklan, beritanya ngak berlanjut hanya sepenggal",
151,151,151,,,,,1.0,Aplikasi paling gagal yg pernah aku instalm,
152,152,152,,,1,,5.0,Saya baru berlangganan untuk setahun murah banget dengan harga 139.000 saja. Akhirnya saya bisa baca opini dengan leluasan,
153,153,153,,,-1,,2.0,Jangan download berita berbayar semua cari duit,
154,154,154,,,1,,5.0,I love this. kalau harganya tetap 100 ribu per tahun bakalan tetap langganan.,
155,155,155,,,,1,5.0,Kompas tetap yang terbaik dan terpercaya,
156,156,156,-1,,,,4.0,di hp samsung epaper tidak bisa dibaca secara horosontal,
157,157,157,,0,,,4.0,next smoga ada pilihan suara g transate.. bosen cuman itu²,
158,158,158,,,,1,5.0,Bagus beritanya utk mengisi otak yg kosong.,
159,159,159,-1,,,,3.0,ada bagian tertentu yang tombol audionya gk keliatan kak,
160,160,160,,,,0,5.0,"gacor, semoga bisa memberikan Pendidikan kepada penulis-penulis muda. terutama yang memiliki keterbatasan.",
161,161,161,1,,,1,5.0,"sangat mudah digunakan, berita mendalam",
162,162,162,,,,1,5.0,"Bernas, selalu peduli dengan masalah aktual dengan analisa yang mengedepankan nilai-nilai kemanusiaan.",
163,163,163,,1,,,5.0,"Aplikasi sangat bagus, lengkap. CS sangat cepat dalam merespon. Terima kasih",1
164,164,164,,,,1,4.0,Kompas sebuah nama media cetak & elektronik yang tidak asing lagi pemberitaannya tajam terpercaya dan berimbang.,
165,165,165,,,,1,4.0,Akses berita aktual dan terpercaya dari Kompas,
166,166,166,1,,,1,5.0,"Lebih update dengan isu-isu aktual. Keren sih. Tampilannya juga enak, easy reading lah",
167,167,167,,,,,5.0,Sangat bagus dan sangat bermanfaat.,
168,168,168,,,,1,5.0,informasi yg mantab terpercaya mendidik masa depan kita,
169,169,169,,,,1,5.0,cerdas menyikapi peristiwa dengan sumber referensi terpercaya,
170,170,170,,,,1,5.0,Kompas.id : Baca Berita Lengkap Aplikasi Terbaik 💯,
171,171,171,1,,,1,5.0,"ok baru nyoba... isi berita nya bagus, berkualitas. aplikasi nya nyaman digunakan, user friendly.",
172,172,172,,,,0,5.0,"Mudah2 an Kompas bisa tetap berusaha berpikir kritis demi kebaikan, keadilan & kemakmuran bersama/masyarakat Indonesia.",
173,173,173,1,,,,5.0,Membaca berita jadi lebih mudah,
174,174,174,,,,1,5.0,"kompas independen dan terpercaya ,",
175,175,175,,,,1,5.0,good time good read best newspaper,
176,176,176,,,,1,5.0,Kompas.id menyajikan berita yg up to date dan terpercaya.,
177,177,177,,,,,4.0,"perlu perbaikan perihal menampilkan gambar pada artikel. jika di zoom, seringkali malah pindah ke gambar berikutnya.",-1
178,178,178,,,,,1.0,"Kebanyakan bug, artikel suka balik sendiri ke awal menu. CS nya sama sekali tdk kooperatif. Sdh kayak paling bener aja.",-1
179,179,179,,,,,5.0,Kok aku nggak bisa mendownload koran kompas ?,-1
180,180,180,,1,,,5.0,"Keren, bahkan ada audionya kalau kita pengen denger berita saat gak pegang smartphone.",
181,181,181,,,,1,5.0,Selalu menikmati membaca berita di kompas.id karena berita yang disajikan update dan akurat,
182,182,182,,,,,5.0,Aplikasi ini juga sangat bagus sekali untuk digunakan sebagai pengganti koran,
183,183,183,,,,,4.0,sy kasi bintang 4 tar kalo bgs tak tambai mks,
184,184,184,,,-1,,1.0,segala pakai berbayar buat baca berita aja.di buat gratis aja baca berita nya. biar masyarakat Indonesia semua gemar membaca.,
185,185,185,,,,-1,1.0,Infonya gk akuat. Malu2 in aja,
186,186,186,,,,,4.0,"baru gabung, sementara bintang 4 dl",
187,187,187,,,,,5.0,Dengan cara Ini saya rasa lebihmenarik dan cepat,1
188,188,188,,,,1,5.0,berita yang cepat dan bisa di percaya,
189,189,189,,,,-1,1.0,Belum bisa dikatakan netral dalam hal pemberitaan. masih keberpihakan sebelah. itu intinya.,
190,190,190,,,-1,1,5.0,"sangat membantu untuk mengupdate berita terkini, sayang nya harus berlangganan",
191,191,191,,,,1,3.0,Ulasannya bagus manambah pengalaman bagi kita,
192,192,192,1,1,,,5.0,interface halamannya enak dibaca dan suka dengan fitur text to speech,
193,193,193,,,,1,5.0,semua informasi ada dalam genggaman,
194,194,194,,0,,,5.0,Permis mau bertny apakah bisa print ya koran e paapernya,
195,195,195,,1,,,5.0,best for search a news update,
196,196,196,,,0,,2.0,"Kalau boleh saran,seharusnya kalau kami mau membaca buku/artikel tidak usah berbayar,supaya orang yang ingin berliterasi tidak harus ada hambatan",
197,197,197,,,,1,5.0,"Up date kok,meski 5 W dan I H layak terus di jadikan ajangNya",
198,198,198,,,,1,5.0,Jelas dan bagus untuk berita,
199,199,199,,,,,1.0,"Lumayan bagus, maaf baru buka",
200,200,200,,,-1,,5.0,Berhubung saya harus bayar setengah juta saya hapus,
201,201,201,,,,,5.0,"Asal jangan memprsilit aja tak masalah,",
202,202,202,,,,,5.0,Sangat membatu sekali semoga makin bagus lagi kedepan nya,
203,203,203,,,,,5.0,aplikasinya bagus untuk membaca berita,
204,204,204,,,,1,5.0,Mantap bisa membantu untuk melihat kejadian dunia.,
205,205,205,-1,,,,5.0,"di bagian fotografi kenapa gak dipisahkan foto cerita, galeri foto dan klinik foto..? seperti di web, lebih enak..",
206,206,206,,,,1,5.0,Makin keren dengan berita tepercaya dan bisa diandalkan,
207,207,207,,1,,,5.0,"ada format koran cetak, sangat menarik",
208,208,208,,,-1,,2.0,Kenapa tidak bisa berlanggann yah...? Mungkin bisa kasih solusi.. ?,
209,209,209,1,,,,5.0,"DL cepat, simpel buat bacaan harian dimana saja bisa dilakukan",1
210,210,210,,,,1,5.0,berita-beritanya sangat update dan faktual disertai data-data yg sangat akurat....ulasannya menarik dan mendalam...,
211,211,211,,,,1,5.0,Kompas sangat bagus beri infor Masi,
212,212,212,,,,,2.0,Aku beri nilai dua bintang dulu nanti kalau hasilnya baik aku kasih tambah nilai lagi,
213,213,213,,,,1,5.0,"Jurnalisme bermutu dan kritis, mantap, maju terus KOMPAS.",
214,214,214,,,,1,5.0,Menyajikan berita secara faktual dan aktual.,
215,215,215,,,,1,4.0,aplikasinya sangat bagus dan efisien dalam memberikan informasi dari dalam dan luar negeri,
216,216,216,,,,1,5.0,"Tercepat, akurat, dan terdepan 👉",
217,217,217,,,-1,,1.0,"Terlalu mahal, perbulan 50k, mending beli quota cuma 20k",
218,218,218,,,,1,3.0,memuat berita berta yang akurat,
219,219,219,,,,1,5.0,Media yg baik dan objektif,
220,220,220,,,,1,5.0,kompas sangat memperbarui pengetahuan 👍,
221,221,221,,,,1,5.0,"Kompas menyajikan berita aktual, tajam terpercaya, Bravo Kompas🙏",
222,222,222,,,,1,5.0,berita terupdate sehingga menjadi sumber informasi yang akurat dalam mendapatkan informasi dan berita terbaru.,
223,223,223,,,,1,2.0,Saya bisa tau semua berita,
224,224,224,,,,1,5.0,Terimakasih untuk informasi yang selalu valid kompas..,
225,225,225,,,,1,5.0,kompas termasuk media yang memberikan informasi terpercaya,
226,226,226,1,,0,,5.0,"Baru mulai berlangganan, tampilan aplikasi lumayan bagus",
227,227,227,,1,,,5.0,fitur2nya sangat mudah dipahami bagi awam.,
228,228,228,,,,-1,2.0,Berita nya kok gk lengkap,
229,229,229,,,,1,5.0,berita yang sangat akurat dan independen,
230,230,230,,,,,5.0,sangat membantu .tetap evaluasi agar lbh baik lg,
231,231,231,,,0,1,5.0,"Untuk news sudah bagus sekali, di harapkan supaya aplikasi ini bisa di baca gratis.",
232,232,232,,,,1,5.0,liputan nasional nya update dan bagus .,
233,233,233,,,,1,5.0,Wow keren banget. Bisa mendapatkan banyak informasi dari aplikasi ini,
234,234,234,,,-1,,1.0,"Uninstall, mau baca aja disuruh langganan. Masih ada situs berita online yang gratis.",
235,235,235,,0,,,3.0,Kompas Id mantap. Semoga lebih ditingkatkan lagi untuk fiturnya.,
236,236,236,1,-1,,,4.0,"Tampilan sangat enak dibaca, hanya saja mesin pencarian berita bisa lebih baik. Tidak ada filter untuk mengetahui berita paling populer/terbaru.",
237,237,237,,,,,5.0,Melihat membaca dan mendengarkan acara di Kompas dengan baik.,
238,238,238,,,1,,5.0,Bisa baca berita tanpa diganggu iklan,
239,239,239,,,,0,5.0,sangat bermanfaat... semoga berita update terus setiap saat..,
240,240,240,,,,1,5.0,"Kompas adalah media informasi terbaik menurut saya, saya membacanya sejak dari koran, sekarang online media, informasi terbaik mantap terpercaya.",
241,241,241,,,,,5.0,*KOMPAS* sekarang bisa ketemui lewat kang _ANDROID_ digunung gunung terima kasih KOMPAS,1
242,242,242,,,,1,5.0,Beritanya lengkap dan up to date,
243,243,243,,,,1,5.0,Terpercaya dan terdepan dalam penyampaian berita.,
244,244,244,,,,1,5.0,Beritanya sangat akurat lugas & dg bahasanya sangat di pahami semua kalangan👍🏽,
245,245,245,,,,1,4.0,keren mudah dimengerti bahasa beritanya,
246,246,246,,,,1,3.0,Memnberikan informasi cepat dan akurat,
247,247,247,,,-1,,1.0,Mau berlangganan tapi mekanisme pembayarannya kurang lancar,
248,248,248,,,,1,5.0,bagus . beritanya aktual . semoga makin sukses . 👍,
249,249,249,,,,,5.0,"Aplikasi nya bagus, tidak ada masalah dan sangat lancar saat digunakan.",1
250,250,250,,,0,1,5.0,"Keren bgt Kompas, sering2 promo langganan. Suka dgn berita2 ulasan yg lengkap dan detail",
251,251,251,,,,1,5.0,menarik dan memperkaya wawasan semoga tetap independent kompas,
252,252,252,,,-1,,1.0,"Kenapa bayar utk membaca, ngak mampu ya",
253,253,253,,,,,5.0,Ampliksai ini pasang saja saya beri reting bintang lima Amplikasi,
254,254,254,,,,1,5.0,berita yg sangat uptudate dan independen,
255,255,255,,0,,1,5.0,"Untuk Developer Harian Kompas. Kompas.id : Baca Berita Lengkap Sangat Bermanfaat, Terus Tingkatkan Fitur Dan Kualitas Di Dalam Aplikasi.",
256,256,256,,,-1,,1.0,saya sudah bayar berlangganan tetapi tidak bisa akses,
257,257,257,,-1,,,1.0,Masak pencarian berita nggak urut dari yang terbaru,
258,258,258,,,,,5.0,Alhamdu Lillah Semoga Mengerti Aamiiin,
259,259,259,,,,,2.0,"Ga usah pake pake email dan kata sandi boss...saya baru, kalo pake ginian lebih baik keluar maaaff",-1
260,260,260,,1,,1,5.0,"GOOD Apps, ada e paper yg 100 % sama dgn koran fisik, dan info² ter update",
261,261,261,,,-1,,1.0,"mau baca cerpen karya sastra aja harus berlangganan, makin terbatas ya sekarang",
262,262,262,,,,1,5.0,"Saya adalah pelanggan setia Kompas.id, bagus beritanya",
263,263,263,,,0,,4.0,Harus mbayar user gratisan jangan download,
264,264,264,,,,1,4.0,Aplikasi ini sangat penting dalam proses mengikuti perkembangan informasi nasional,
265,265,265,,,,1,5.0,"Kerenn,,bisa dpt berita setiap hari lewat kompas gak perlu beli koran",
266,266,266,1,1,,,5.0,ulasan kompas sangat enak dibaca dan dicerna. tampilan digital menarik dan e-paper nya selayaknya baca koran kompas spt dulu.,
267,267,267,,,0,,1.0,Kasih free trial kek 3 hari minimal biar ngerasain suka atau enggaknya dengan app-nya,
268,268,268,,,1,1,5.0,"Berita Update, penulisan & penyampaian terukur serta terarah..recommended u/ berlangganan berita era digital saat ini",
269,269,269,,,,1,5.0,Ini bagus banget. Bagus untuk kita menambah wawasan pengetahuan kita,
270,270,270,,,,1,5.0,banyak ilmu yang bermanfaat. terima kasih Kompas,
271,271,271,,,,,5.0,"Bacaan dari usia SMA, blm tergantikan",
272,272,272,,,,,5.0,Kompas selalu menjadi pilihan utama,
273,273,273,,,,,5.0,Terimakasih untuk segala pengalaman yang telah jauh membawa saya dalam pengajaran,
274,274,274,,,,,5.0,Satu kata utk Kompas.id: keren,
275,275,275,,,,1,5.0,"Apapun medianya, Kompas masih bisa disebut salah satu barometer jurnalik Indonesia, selamat.",
276,276,276,,,,,1.0,Tidak bisa bantu ya buka,-1
277,277,277,,1,,1,5.0,berita dan featurenya bagus dan mendalam. sering muncul berita investigasi yg mendalam dan berbeda dari lainnya. benar2 jurnalisme berkualitas.,
278,278,278,,,,1,5.0,"Memperoleh informasi terbaru, dapat dipercaya dan semua aspek kehidupan dengan mudah.",
279,279,279,,,,1,4.0,Beritanya selaku aktual sesuai facta,
280,280,280,,,,,5.0,Ingin gabung sebagai pembawa perubahan untuk berita-berita bermanfaat.,
281,281,281,,,,,5.0,tetap menjunjung tinggi kerahasiaan data pribadi,
282,282,282,,,,,5.0,Keluhan langsung ditindak lanjuti.. mantap 👍,1
283,283,283,,,,1,5.0,"saatnya baca berita yg akurat, terpercaya,..",
284,284,284,,,,1,4.0,"ok bagus berita nya,,, lanjutkan saja,,,siiip..josss",
285,285,285,,,,,3.0,Kito cobo mace kak berita sape tau ade paeda ee,
286,286,286,,,,1,5.0,"Mendalam, berimbang, dan mendudukan persoalan untuk mendapatkan solusi tanpa menghakimi pihak2 yg menciptakan persoalan.",
287,287,287,,,,1,5.0,Wawasan makin bertambah klo baca Kompas,
288,288,288,,,,1,5.0,Ter..update dan bisa dipercaya dr zaman koran ya nice,
289,289,289,,,,,5.0,Google the best mohon bantuan agar lancar,0
290,290,290,,,,1,5.0,Memang kt.perlu angkat jempol buat Kompas berita yg akurat dan terukur..selamat buat Koompas ya?,
291,291,291,,0,,1,4.0,"Beritanya tersajih lebih lengkap,saran kalau bisa sertakan video pendeknya",
292,292,292,,,,,4.0,udah bagus... perlu lebih di sempurnakan.,
293,293,293,,,,,5.0,Saya kasi bintang 5 👍,
294,294,294,,,,,5.0,apk nya bagus banget sampe mau kayang,
295,295,295,,,,1,5.0,"Puas, dg isi berita terpercaya",
296,296,296,,,-1,,1.0,Berbayar mending baca di tempat lain,
297,297,297,,,,1,5.0,"Mendapatkan informasi yg lengkap setiap pagi dari politik, ekonomi, olah raga dan apa yg menjadi issue yg terbaru.",
298,298,298,1,,,1,5.0,"Berita nya akurat, enak dibaca",
299,299,299,,,,1,5.0,iaaa bagus agar tau berita lewat kompas,
300,300,300,,,,0,5.0,ditambah lagi dong ulasan berita daerah Jawa Tengah.,
301,301,301,,,,,4.0,coba dulu. Bagus no uninstal dan tamba bintang.,
302,302,302,,,-1,,1.0,"baca berita aja bayar harus langganan, gimana mau pintar masyarakatnya",
303,303,303,,,,1,5.0,"karena sy seneng baca berita,jd ya mantap bngt ini apl,ga bakal kètinggalan informasi👍",
304,304,304,,,-1,,1.0,"Mau baca berita aja berbayar??? Lebih baik cari cara lain,di internet sekarang banyak cara dan gak bayar.",
305,305,305,,,,,5.0,Sangat membantu aktivitas kami. thanks,
306,306,306,,,,0,5.0,Tetaplah menjadi media yang netral (tidak memihak) dan profesional.,
307,307,307,,,,1,5.0,Kompas.id.baca Berita lengkap.:Amplikasi yang seperti ini saya pasang Amplikasi ini saya beri reting bintang lima,
308,308,308,,-1,,,2.0,Percuma ada aplikasi kalo mau baca masih dilempar ke browser webview,
309,309,309,,,,1,5.0,"berita update. ulasan berimbang, dapat dipercaya, dan memperkaya wawasan. bukan sekadar clickbait. bahasanya pun bagus.",
310,310,310,,,-1,,1.0,"Saya unisntal aplikas kompas... banyak aplikasi lain yg gk mintak berlangganan baca artikelnya ...seperti detik, republika dll.",
311,311,311,,,,1,5.0,beritanya sangat aktual dan terpercaya,
312,312,312,,,,-1,4.0,"Baik juga, cuman beritanya kurang akurat..",
313,313,313,,,,,5.0,"Pimpinan kompas, almarhum bp yacob utama sgt tinggi perhatian kpd karyawannya, sy kagum kepadanys",
314,314,314,,,,-1,1.0,Jadi ini ya media nasional sialan itu yg suka blackcampaign pak anies,
315,315,315,,,,1,5.0,Bagus banget rekemond buat baca koran and apknya gratis topo deh buat kompas.id👍,
316,316,316,,,,-1,1.0,KOMPAS Punya dendam apaan ama pak Anis,
317,317,317,,,,-1,1.0,Parah sih kompas. Gak nyambung antara foto sama beritanya. Bawa ke Dewan Pers aja pak.,
318,318,318,,,,,1.0,Pengen kasih bintang 1 aja boleh kan,
319,319,319,,,,1,5.0,Merawat jurnalisme dengan pemberitaan yang berkualitas.,
320,320,320,,,,1,5.0,"Yaaxchaa kalau cari berita yang terhangat dan terpercaya disini ni , Aplikasi ini tempatnya,",
321,321,321,,,,1,5.0,keren aplikasinya. baca berita nya lengkap,
322,322,322,,,,1,5.0,"Mantap Kompas, selalu berinovasi. Konten berkualitas terus semakin mudah diakses!",1
323,323,323,,,-1,,5.0,"Aplikasi bagus, meskipun kadang kadang saat memperpanjang langganan, kadang kadang ada masalah, sehingga harus menghubungi Costumer Service",
324,324,324,,,,1,5.0,Masya allah aplikasinya bagus untuk pembaca berita dan terjamin kualitasnya insya allah,
325,325,325,,,,1,5.0,Lebih lengkap dan lebih informatif,
326,326,326,,,,,3.0,Saya suka dengan Harian Kompas,
327,327,327,,,,1,5.0,Semakin update dg berita terkini.,
328,328,328,,,,1,5.0,"Memang beda, konsisten menyajikan fakta dan data. Thanks",
329,329,329,,,,1,5.0,Kompas berita independen teraktual dan profesional,
330,330,330,,,0,1,5.0,Kompas. Id untuk tahu berita yang menarik. Selengkapnya saya baca Koran Kompas yang mana kami sudah berlangganan sejak 1973. Terimakasih.,
331,331,331,,,,1,5.0,inisangat membantu sy trutama mendptkan berita ygup tothat.sysangat butuhdhn beritaataunews ygterbaru jelasnarasumbernya dandpt dipercaya.,
332,332,332,,,-1,,4.0,"Sudah pilih opsi berlangganan, sudah konfirmasi berlangganan, tapi di aplikasi masih belum berlangganan.",
333,333,333,,,,,5.0,"Syam sul bahrieon,,alham Dulilah terimakasih",
334,334,334,,,,0,4.0,Cukup baik berita nya namun tingkatkan lagi yg lebih update 😊,
335,335,335,,,,,5.0,Untk mengetahui berita2 terpenting dalam kehidupan sehari-hari dan juga bisa digunakan sebagai alat bantu.,
336,336,336,,,,-1,1.0,"Berita nya gak update apalagi tentang club sepakbola. Tidak ada update transfer pemain, isu transfer.",
337,337,337,,,,1,5.0,Aplikasi ini bisa menjadi referensi untuk baca berita dari Indonesia lho!,
338,338,338,1,,,1,5.0,Aplikasi mudah digunakan dan isi berita update terpercaya,
339,339,339,,,-1,,1.0,Sudah berlangganan berbayar. Tapi fitur premium tidak aktif. Tolong diberesin dong. Ada bugs di aplikasi.,-1
340,340,340,,,,,1.0,Teramat sangat tidak memuaskan sekali,
341,341,341,,0,-1,,1.0,"harus bayar, tidak ada versi trial. kita mau baca berita offline",
342,342,342,,,,,1.0,Sangat baik dimana kita berada bisa ngikutin berita,1
343,343,343,,,-1,,1.0,Webnya full iklan. Jijik lihatnya. Cari duit ampe begitunya amat. Tolol tim kalian.,
344,344,344,,,,,2.0,Daftar akun kompas.id langsung di spam promo investasi dong nomer WA kuh?kok bisa?,
345,345,345,-1,,,,1.0,Ribet bacanya. Krng praktis tata letak dlm setiap rubrik,
346,346,346,,1,,,5.0,Seperti membaca koran Kompas sesungguhnya....,
347,347,347,,,,,5.0,Baca ungkapan kompas.id jadi saya senang untuk melihatnya terima kasih kompas.id,
348,348,348,,,,1,4.0,"Beritanya akurat, sederhana dan jelas",
349,349,349,1,,,,5.0,"Kompatibel dan mudah digunakan, perlu ditingkatkan terus.",1
350,350,350,,1,,,5.0,Paling ditunggu kompas minggu cerpen dan TTS ya yg sangat menghibur..,
351,351,351,,1,,,5.0,"Sangat membantu dalam membaca koran Kompas, tanpa harus membeli koran fisik",
352,352,352,,,-1,,1.0,"Sudah berlangganan berbayar, tapi tetap tidak bisa akses fitur premiumnya. Customer service sulit dihubungi, respon sangat lambat.",-1
353,353,353,,,,1,5.0,Saya percaya sajian2 Kompas yang profesional dan independen,
354,354,354,,,,,3.0,Saya dari dulu selalu baca kompas,
355,355,355,,,,,5.0,Mantap kompas slalu yg terbaik,
356,356,356,,,0,1,5.0,Saya suka membaca berita di aplikasi ini dan turut berlangganan. Koran Kompas memang mengusung jurnalisme berkualitas.,
357,357,357,,,,1,5.0,Sangat bermanfaat dan bacaan setiap hari,
358,358,358,-1,,,,1.0,Gak bisa baca buku ketika mode android gelap,
359,359,359,,,,1,5.0,Beritanya objektif dan seimbang .,
360,360,360,,-1,-1,,1.0,"sdh brlangganan, gak bisa bca e paper. dan selalu diarahkan via ke google play. jelek😡",
361,361,361,0,,,,2.0,Kompas id gak bisa landscape ya?,
362,362,362,,,,1,5.0,Kompas sangat penting untuk dibaca sintaksisnya apik.,
363,363,363,,,0,,5.0,"Sdh lbh 50th membaca Kompas cetak, di era IT stop berlangganan mngikuti kemajuan tekhnologi",
364,364,364,,,-1,,1.0,koran digitalnya berbayar pdhl udah didownload tp ga bisa dibuka males bgt kalo hrs nonton iklan justru gpp,
365,365,365,,,0,,5.0,Saran : harusnya buat paket Rp. 1000. Jadi enak buat test test dulu. Kalau sor baru..lanjut,
366,366,366,,,,1,5.0,Sangat bagus dan bisa dipercaya,
367,367,367,,-1,-1,,1.0,Saya jengkel dgn Kompas e paper. Saya mau berhenti saja setelah sejak 1967 langganan Kompas,
368,368,368,,,,,4.0,KOMPAS MATA HATI KATA HATI,
369,369,369,,1,1,,5.0,"Bagus, Daripada langganan koran Kompas yang hardcopy lebih baik yang digital, Bisa dibawa dan dibaca dimana-mana 🙂...",
370,370,370,,,-1,,1.0,Saya tak suka aja aplikasi berita tapi berbayar 🙄,
371,371,371,,,,,5.0,Terima kasih atas bantuan dan pertolongannya,
372,372,372,,,,1,5.0,"Bagus, mendalam, dan terpercaya, cepat, represehtatif",
373,373,373,,,,1,5.0,Banyak informasi baru yang up to date dan terpercaya sumbernya. Saya suka baca kompas sejak usia 12 tahun,
374,374,374,,,,,1.0,Susah download walaupun kuota penuh... tapi saya merasa koneksi internet dan kuota saya mencukupi.. ini aneh... tujuan saya update..🙏,-1
375,375,375,,,-1,,1.0,Bagaimana cara berhenti berlangganan.... Ga ketemu caranya,
376,376,376,,,,1,1.0,Akurat dlm pemberitsanx dan sangat di percaya,
377,377,377,,,-1,,1.0,Sudah dilakukan pembayaran tapi status masih belum aktif. Kecewa dengan Kompas,
378,378,378,,0,,,5.0,Klu cari lowongan kerja dibagian apa?,
379,379,379,,,,1,5.0,Sangat membantu mendapatkan informasi dan tulisan yg mencerahkan,
380,380,380,,,,1,5.0,Selalu terdepan dalam kualitas untuk kepuasan pelanggan,
381,381,381,,,,1,5.0,"Berita aktual dan terpercaya , kompas tetap yang terbaik , netralitas adalah kunci keadilan ,,,",
382,382,382,,,,1,5.0,بسم الله الرحمن الرحيم Mengulas serta menyampaikan wacana dengan jernih.,
383,383,383,,,,-1,1.0,Khusus covid media knp memberi berita yg sll menyeramkan pdhl 95% covid bs sembuh dan kurang pemberitaan,
384,384,384,,,,1,5.0,"Berita Lengkap, Ulasan dengan bahasa yg tinggi, ciri dari kompas tdk pernah berubah",
385,385,385,,,,1,5.0,Informasi yg up to date hingga tidak termakan berita hoax,
386,386,386,,,,1,5.0,Beritanya dari zaman dulu sampai sekarang dapat dipercayadan terkemuka,
387,387,387,,,,,5.0,Indonesia peta Indonesia malam 🌃 dan informasi kompas tv online streaming Sidoarjo Jawa timur Indonesia,
388,388,388,,,,1,5.0,"Kompas menurut gue dah lama di Indonesia dan berbagai sumber berita akurat,terpercaya",
389,389,389,,,-1,-1,3.0,"Beritakan yg benar/ril bukan pencitraan, iklan jangan berlebihan",
390,390,390,,,,-1,1.0,Tidak bersikap netral sebagai pemberi berita. Beritanya hoak semua demi kepentingan pihak tertentu,
391,391,391,,,,1,5.0,Membaca harian kompas lbh oercaya daripd google indonesia,
392,392,392,,,0,,2.0,kira in bisa baca berlanggan dulu 50.000 rupiah,
393,393,393,,,,,2.0,Agak nge lag gitu ya,-1
394,394,394,,,,,5.0,Memberi arah agar tepat tujuan/sasaran secara pasti,
395,395,395,,,,,1.0,Aplikasi ini jelik banget!!!!!!!!!!!!!!!!!!!!!!!!!!!!!!!!!!!!!!!!!!!!!!!!!!!!!!!!!!!!!!!!!!!!!!!!!!!!!!!!!!!@!!!!!!!!!!!!!!!!!!!!!!!!!!!!!!!!!!!!!!!!!!!!!!!!!!!!!!!!!!!!!!!!!!tapi bo'ong hayuk papali papali *,
396,396,396,,,,1,5.0,"Harian Kompas salah surat kabar yang berani mengungkap kebenaran, tidak memihak dan berpihak",
397,397,397,,,,1,5.0,"Walaupun berbayar, content content nya sangat bagus di banding yang lain. Good apps",
398,398,398,,,,1,5.0,Hebat. Sangat bermanfaat untuk dibaca dan dipelajari.,
399,399,399,,,,-1,1.0,NETRALAH.........DALAM MEMBERIKAN BERITA JANGAN PRO KE PEMERINTAH JUGA JANGAN JUGA PRO KE PIHAK OPOSISI...PAYAH....AUTO UNINSTAL...,
400,400,400,,0,,,5.0,Memuaskan. Apa epaper tak bisa full warna,
401,401,401,,,-1,-1,1.0,Berita sampah aja pake berbayar.. ajiggg,
402,402,402,,,,1,5.0,Beritanya selalu terbaru dan kopeten dan bersifat netral.bagus,
403,403,403,,,,1,4.0,Berita2 di kompas singkat dan akurat,
404,404,404,,,,,3.0,Buka mau baca kok sulit,-1
405,405,405,,,,1,5.0,Informasi yg Akurat..Kompas..berita terupdate..sangat berguna Good Job,
406,406,406,,0,,,4.0,Mohon dong tambahkan fitur kompaskarier seperti kompas website .. Itu saja ulasan saya tolong di respon secepat ny,
407,407,407,,,-1,,1.0,"Membaca berita berbayar, masih banyak cara lain mendapatkan berita gratis. Jangan download app ini, app berbayar 👎👎👎👎👎",
408,408,408,,,,-1,5.0,Berita yang benar²... jangan berita HOAkompas yaa,
409,409,409,,,-1,,1.0,"Dapat voucher dr tukar poin bli bli, ternyata ga bisa pake...sama aja mubazir....",
410,410,410,,,,1,4.0,Semoga aku puas baca harian kompas Kompas tv independen terpercaya,
411,411,411,,,-1,,1.0,Sudah beli google play tapi tidak bisa akses. Knp ya ?,-1
412,412,412,,,0,,1.0,Hari gini ga ada yg gratis 😂😂😂,
413,413,413,,,,,3.0,Sy baru install. Semoga baik,
414,414,414,,,,,5.0,Tanggal. 29 / 7 / 2020 Jam. 16:21🇮🇩❤📌.oke,
415,415,415,,,,-1,1.0,Media abal2....isinya ga jelas ....,
416,416,416,,,,-1,1.0,"Beritanya mulai banyak yg hoax, tdk akurat, jadi sebel membacanya",
417,417,417,,,,-1,1.0,Asal masukan media tanpa diklarifikasi,
418,418,418,,,,-1,1.0,"Clickbait, isi tidak sesuai fakta, provokatif, berlebihan, hiperbola, ditambah bumbu",
419,419,419,,,,-1,1.0,"Berita a****g, gak netral dan tdk mendidik",
420,420,420,,,,1,5.0,Berbayar sih tapi berbobot. Maju terus kompas,
421,421,421,,,,0,5.0,"Semoga KOMPAS bisa menyajikan berita yg Akurat , Netral , terUpDate , sehingga dapat dijadikan acuan/pedoman semua masyarakat indonesia 🙏",
422,422,422,,,,,1.0,"Cczeher,nya c km n pin oli, fkompas",
423,423,423,,,,-1,1.0,Ciee mau ikutan buat HOAkompas ky aplikasi sebelah...,
424,424,424,,,,,3.0,"Untuk sementara bintang 3 dulu ya, semoga bisa baik ke bibtang 5",
425,425,425,,,,0,4.0,Semoga tetap berpegang pada independen.,
426,426,426,,,,-1,1.0,Beritanya mulai gak singkron banyak hoaxnya payahhh,
427,427,427,,,,,1.0,Gw instal tp boong.. Hahahaha ha..,
428,428,428,,1,,1,5.0,Berita menarik dan e book nya layak dibaca....,
429,429,429,,,,-1,2.0,Kurang Updete Sperti Di Google,
430,430,430,,,,,1.0,Kecewa..🙈🙉🙊💩.. Mending pindah kesebelah... Bukan KOMPAS yg dulu😝,
431,431,431,,,0,,5.0,Bagaimanan scan uji coba gratis langganan aesuai koran hari ini,
432,432,432,,,,,1.0,Lupa password tidak ada solusi,-1
433,433,433,,,,1,5.0,Bagus nih update terus dilanjut terus bang,
434,434,434,,,,1,5.0,Koran ditinggalkan ada applikasi News Yang. Lebih memukau mampu terpercaya dalam menghadirkan Berita Dunia,
435,435,435,,,,,1.0,"ternyata mau baca koran aja ribet pakai masuk"" akun sgala,padahal dah pake kuota data...hmmm",-1
436,436,436,,,,1,2.0,Beritanya di update lagi makasih,
437,437,437,,,,1,4.0,"Kompas 3 T : top, tepat dan terpecaya",
438,438,438,,,-1,,1.0,Mahal om 50rb per bulan,
439,439,439,,,,1,5.0,Ok bos sy puas degan britanya,
440,440,440,,,-1,,1.0,Baca berita kok harus bayar...?!,
441,441,441,,,,1,4.0,"Bagus , beritanya dpt dipercaya",
442,442,442,,,,,5.0,Kompas memang tiada dua nya,
443,443,443,,,,1,5.0,Jurnalisme berkualitas dan terpercaya ada dalam genggaman,
444,444,444,,,-1,,1.0,"Maaf, terpaksa di uninstall masih banyak app lain yg memberi tanpa mengharapkan imbalan.",
445,445,445,,,-1,,1.0,"Punya saya tidak bisa berlangganan,padahal udah di isi pulsa 55.000 apa masalah nya ini? Mau dilanggani atau tidak?",
446,446,446,,,,1,5.0,ngikuti kompas nambah wawasan pengetahusn kita.,
447,447,447,,,-1,,1.0,Ketika mengetahui harus berbayar..langsung hapus..masih banyak konten berita yang gratis..thanks,
448,448,448,,,-1,,5.0,Sa sdh konfirmasi pembayaran lwt browser kok buka epaper di apps gak bisa.. tolong petunjuknya,
449,449,449,,,,,5.0,Berita nasional masalah politik pasca pemilu,
450,450,450,,,,,5.0,Aku merasa senang bisa bergabung dengan semua disini,
451,451,451,,,,,3.0,belum di goba sementara bintang 3 dl.,
452,452,452,,,,1,5.0,"Berita terkini dan selalu update, membuka wawasan berpikir.",
453,453,453,,,,-1,2.0,"beberapa berita, sangat tidak netral. mungkin meraih pundi pundi uang, lewat situ kali ya?",
454,454,454,-1,,,,1.0,lebih mudah masa awal dulu buka kompas id. sekarang ribet.,
455,455,455,,,,1,4.0,"cepat,akurat dan terintegrasi secara berkesinambungan.",
456,456,456,,,,,5.0,Artikel judul masih sering berulang ( double ).,-1
457,457,457,,,,1,5.0,bisa baca berita setiap hari. terima kasih,
458,458,458,,,,0,4.0,test dlu semoga independen beritanya,
459,459,459,,,,,1.0,"masa harus login dulu payahhh, uninstal deh jadinya",-1
460,460,460,,,,1,4.0,suka untuk ikut berita. tapi bintangnya saya tambahkan jadi 5 klo aplikasinya bagus dan terpercaya,
461,461,461,,,,0,3.0,mohon beritanya supaya lebih jelas dan akurat ya.. trimksh.,
462,462,462,,,,1,5.0,"mantap berita yg aktual dan terjamin,maju terusss",
463,463,463,,,0,,5.0,"kak tolong bantu ,Punya voucher kompas yang satu bulan tapu gimana cara aktivasiin kode voucher nya?",
464,464,464,,,-1,,1.0,masa maw liat berita harus pakai paket berlangganan....sy uinstal aja...aplikasi gak berguna,
465,465,465,,,,,5.0,"aplikasi tdk bisa dibukaharus dilogging bagaimana caranya ,",-1
466,466,466,,,,-1,2.0,"berita di menu cetak dan e-paper sering gak update, padahal udah di refresh berkali2",-1
467,467,467,,1,,1,5.0,mantab. Kemudahan dalam mencari berita yang mendalam. Salah satu alternatif penangkal hoax,
468,468,468,,,,,4.0,"Bagus, terimakasih sangat membantu 👍",
469,469,469,,,,,5.0,Kompas mantap jadi bisa monitoring iklan harian saya smoga banyak peminat,
470,470,470,-1,,,,3.0,Akan lebih baik lagi kalau ukuran font nya bisa di custom. Di HP saya fontnya terlalu kecil.,
471,471,471,,,-1,,1.0,"Masa harus langganan 50,RB perbulan, SDH makan Kouta, masih kurangkah????",
472,472,472,,,-1,,1.0,Masa baca berita sedikit aja harus bayar,
473,473,473,,,-1,,1.0,"Mending baca berita ol sebelah,,, gini2 berlanganan....",
474,474,474,,,,,1.0,Ampas mau sign in pakai gogle akun pakai fb maupun buat akun ngak bisa2 tele lh,-1
475,475,475,,,,-1,4.0,Beritakan berita yang benar benar kejadian nyata,
476,476,476,,,,,5.0,Sangat hebat Saya didatangi langsung oleh petugas kompas Saat berkunjung Di gramedia,
477,477,477,,,,,1.0,"Kenapa ya...?? Saya sdh berlangganan, malah aplikasinya baru dibuka keluar lagi dgn sendirinya...???",-1
478,478,478,,,-1,,2.0,"Setelah diminta sign in untuk bebas akses, setelah sign in ternyata tetap harus berlangganan☺️ untuk baca berita lengkap. Uninstall deh.",
479,479,479,,,,1,5.0,Terima kasih kepada Kompas yg telah memberikan informasi kpd masyarakat. Sukses selalu,
480,480,480,,0,,,5.0,Perbesar kontribusi para pembaca dalam penyajian informasi,
481,481,481,,,,,5.0,Tambah sukses dan lebih inovasi,
482,482,482,,,,0,5.0,"Oke, beritanya, tingkatkan trus, maju kompas",
483,483,483,,,,0,5.0,Semoga Kompas tetap menjaga Marwah KEINDONESIAAN,
484,484,484,,,,,1.0,"Saya sulit untuk membaca isi beritanya. Ber kali2 selalu tidak bisa, 
padahal berita yang saya suka.",-1
485,485,485,,,,,5.0,Pepatatah mengatakan berita itu bukan persis kejadian yg sebenarnya,
486,486,486,,,,,4.0,Tampilan gambar dan penulisan untuk minat baca,
487,487,487,,,,1,5.0,"Saya menyukai berita2 politik di kompas, saya punya kliping kompas sejak 
1994",
488,488,488,0,,,,3.0,"Tulisan fontnya hrs bisa diatur besar kecilnya agar dpt bisa dibaca dgn 
jelas bagi penggunanya.",
489,489,489,,,,-1,1.0,Betita lama sering di muat lg,
490,490,490,,,,,1.0,"Knapa buku yg udah di donlot, setiap mo baca kudu donlot dulu..? Boros 
kuota , Mas... Bintang 1 cukuplah.",-1
491,491,491,,,,1,5.0,"GK harus nunggu koran pagi dikirim, bangun tidur jam 4.30 bisa menikmati 
berita pagi",
492,492,492,,,-1,,1.0,"Ribet,.. bayar lagi. Males.. langdung uninstall. Install yg lain masih 
banyak",
493,493,493,,,-1,,3.0,Yah bayar. Langsung uninstall. Padahal beberapa bulan lalu masih gratis.,
494,494,494,,,,1,5.0,"Berita terpopuler & terpercaya, thanks",
495,495,495,,,,1,5.0,Bermanfaat untuk menambah wawasan dan infotmasi,
496,496,496,,,,0,5.0,Tingkatkan kualitas dan pelayanan nya,0
497,497,497,,,,0,5.0,Terima kasih semoga bermanfaat selalu,
498,498,498,-1,,,,1.0,"ribet sekali bro...! gak bisa bikin yang simpel saja kah. kayak detik gitu 
loh...!",
499,499,499,,,-1,,1.0,"Komersil banget sekarang.... Padahal dengan kita baca artikel aja kompas 
Uda dapat uang banyak....",
500,500,500,,,,1,4.0,"Tambah wawasan, sip deh, makasih",
501,501,501,,,,,5.0,Bagus buat mengisi waktu luang,
502,502,502,,,0,,4.0,"Mengakses kompas.id sejak 2017 saat masih beta. Sekarang berlangganan 
sampai Juni 2018. Semoga semakin baik.",
503,503,503,,,,1,5.0,Selalu menyajikan berita yg aktual.. intelektual.. terpercaya & independen!,
504,504,504,,,,1,5.0,Media tertua dan bergengsi di Jakarta Indonesia.,
505,505,505,,,,,3.0,"sejak upgrade versi terakhir, download tidak tersimpan. saya harus download ulang setiap mau baca lagi.",-1
506,506,506,,,,0,5.0,"Terima kasih ada berita kompas yg baru, Semoga beritanya tidak kalah dengan berita babe thks alot",
507,507,507,,,,,1.0,harus pakai log in segala norak juga,-1
508,508,508,,,,1,5.0,"KOMPAS sumber berita terlengkap, akurat, dan terpercaya.****",
509,509,509,1,,,1,5.0,"Kompas.id *cermat* memilih berita , *akurat* data2nya, *tepat* sasaran pembacanya, *hebat* design layout penyajiannya. Pokoknya Kompas.id *mantap*.",
510,510,510,,,,1,5.0,Berita ok. Selalu update trs ya,
511,511,511,1,,,,5.0,"Keren, desain visualnya meningkatkan minat baca😍 makasih Kompas.id",
512,512,512,,,,1,5.0,Untuk berita yang akurat ... Kompas oke,
513,513,513,,,,1,5.0,"Untuk bacaan anak muda, dan untuk menambahkan wawasan kita. Kompas adalah pilihan yang tepat. Semoga makin jaya Kompas.Id 😆",
514,514,514,,,0,,5.0,"Hampir tiap hari tak sempat baca koran, akan dicoba baca yang e.koran yang premium",
515,515,515,,,,1,4.0,Kompas pass untuk di baca.,
516,516,516,,,,,1.0,"Mantap gan, ana suka, terus berikan yang terbaik untuk bNgsa",
517,517,517,,,,1,5.0,Bersyukur dengan berita yang terpercaya dan bisa dipertanggung jawabkan,
518,518,518,,,,1,5.0,Lebih mudah dalam mengupdate informasi,
519,519,519,,,,1,5.0,"Luar biasa, berita-beritanya sangat kredibel, independen, dan terpercaya",
520,520,520,,,,1,5.0,Mantap... Untuk mendapatkan berita terkini dan independen,
521,521,521,,,,1,4.0,"Senang sekali karena beritanya bermutu, netral nasional, mencerdaskan masyarakat dan menambah wawasan.",
522,522,522,,,,,5.0,Gue pembaca setia kompas. Terima kasih kompas!,
523,523,523,,,,1,4.0,Sangat informatif dan berita yg bisa diakui,
524,524,524,,,,1,5.0,You can get upadated news from Kompas Daily on Kompas.id. It`s recommended apps.,
525,525,525,,,,,5.0,Mantap saya sudah daftar member di gramedia pondok indah,
526,526,526,,,,0,5.0,tingkatkan update annya dgn berita yg lebih informatif,
527,527,527,,,,1,5.0,Sangat memuaskan dan menbuka pikiran kita,
528,528,528,,,-1,,2.0,ini ko udah login tapi ko gabisa ya pas buka korannya malah harus daftat membership? tolong infonya dong,
529,529,529,,,0,,5.0,Semoga koran kompas semakin mudah diakses melalui android dan gratis,0
530,530,530,,,,1,5.0,Suka banget baca berita Kompas selalu update dan menghemat waktu tentunya karena bisa baca berita Kompas di mana Saja.,1
531,531,531,,,-1,,1.0,Bahkan baca berita aja suruh bayar 🤣🤣🤣,
532,532,532,-1,-1,,,1.0,Notif untuk mengaktifkan notifikasi sangat mengganggu. Tampilan koran juga semakin jelek. Tumben?,
533,533,533,,,,,1.0,"Pas mau masuk sering banget ""aplikasi dalam perbaikan"". Bikin stres",-1
534,534,534,-1,,,,1.0,Navbar bawah di-epaper tidak bisa dihide sehingga menghalangi epaper bagian bawah,
535,535,535,-1,,,,4.0,Tolong perbaiki tampilan di iPad mini a17 supaya pas tidak terpotong kanan kirinya,
536,536,536,-1,,,,3.0,"diinstall di ipad mini, sisi sebelah kiri terpotong, sudah lama tidak ada perbaikan",
537,537,537,,,,1,5.0,"Berita selau update dan memberikan peluang suara dari pelosok untuk dimuat di media nasional, sangat membatu kami di daerah 3T",
538,538,538,,,1,,5.0,Tidak mengapa ada iklan yang penting gratis😁🙏,
539,539,539,-1,,,,3.0,Kepotong teksnya kalau di iphone 13,
540,540,540,,,,,1.0,iPad app simple back button on the top keep crashing,-1
541,541,541,,,,,5.0,TTS nya sering internal server error,-1
542,542,542,,,,,2.0,Aplikasinya kenapa sekarang tidak menyesuaikan dengan device ya? Terpotong dan tidak smooth. Saya harus selalu buka dari PC,-1
543,543,543,,-1,,,1.0,"Aneh, udh didownload masih harus konek internet. Padahal dipesawat kita baca paper ini",
544,544,544,,,-1,,1.0,"Saya sudah melakukan payment untuk 1 tahun, tetapi saya tetap tidak bisa mengakses untuk baca berita, ini bagaimana sih ?",
545,545,545,,,,,1.0,Tidak ada response setelah login melalui Google.,-1
546,546,546,,,-1,,1.0,udah subscribe tapi gabisa log in. tiap log in cuma loading tapi ga masuk ke halaman utama,-1
547,547,547,,,-1,,1.0,"Sudah subscribed bulanan, tapi tidak bisa log in.",-1
548,548,548,,,,1,5.0,Enjoyable with research by kompas,
549,549,549,,,-1,,5.0,Sdh klik yg berlangganan bulanan kenapa status langganan msh tdk aktif ya?,
550,550,550,,,-1,,1.0,"pas log in mala dibilang blm subs, pdhl sudah subs.",
551,551,551,,,0,,5.0,Mau berhenti langganan koran kompas manual kasihan sama tukang loper korannya saya berlangganan sejak tahun 1990. Jadinya manual kombinasi deh.😀🙏🏼,
552,552,552,,,1,1,5.0,"dapet diskon member kompas id setahun, jadi update berita terus baca kompas. keren kompas",
553,553,553,,,,1,5.0,"Beritanya bernas, mendidik serta eksklusive",
554,554,554,,,,1,5.0,Penuh dg bacaan yg informatif,
555,555,555,,,,,5.0,Sudah lancar di ipad. Thanks response developer!,1
556,556,556,,,,1,5.0,kompas memberikan informasi terkurasi yang berkualitas sesuai standar Harian kompas yg terjaga selama ini.,
557,557,557,1,,,,5.0,Aplikasinya mudah digunakan dan nggak pernah error sejauh ini.,1
558,558,558,,,,1,5.0,Berita berkualitas terpercaya. Bebas dari hoax. Saya baca terus tiap pagi. Terus tingkatkan jurnalisme berkualitas,
559,559,559,,,,1,5.0,Terimakasih untuk jurnalisme berkualitasnya. Lanjutkan kompas!,
560,560,560,0,,,,5.0,Cool app! Thank you. Hopefully more easy to use,
561,561,561,,,,1,5.0,"Saya sangat suka kompas id, berita nya bagus dan tutur katanya terbaik dari yang terbaik. Aplikasinya nggak pernah keluar sendiri",1
562,562,562,,,-1,,4.0,Sudah 2 x status langganan saya selama 1 tahun menjadi tidak berlangganan lagi pdhl baru bberpa bulan saja,
563,563,563,,,,,1.0,"Seharusnya kompas tidak menghapus aplikasi versi lama, agar bisa di download juga oleh iOS yg versi lama.",-1
564,564,564,,,,,5.0,"Mohon untuk diperbaiki aplikasi ini, karena sering sekali aplikasi tertutup mendadak/crash ketika discroll ke bawah. Utamakan pelayanan terhadap pelanggan.",-1
565,565,565,,,,,2.0,Please fix! App force closed after scrolling. Ios 16,-1
566,566,566,,0,,,5.0,Tolong dibuat fitur offline untuk kompas e-paper sehingga bisa tetap dibaca saat perjalanan udara. Tks,
567,567,567,,,,,2.0,scroll scroll pasti selalu force closed,-1
568,568,568,,,,,1.0,Wah sdh gak bisa dibuka di iOS 12.5.5 lagi ya. Pilihannya hanya berhenti berlangganan atau beli HP baru?,-1
569,569,569,,,,,5.0,"sebulan setelah mengeluh, kini bisa buka dalam posisi portrait lagi, good job!",1
570,570,570,,,-1,,1.0,Aplikasi ga jalan di ipad.. percuma saya sudah langganan setahun.. perbaiki segera,-1
571,571,571,,,,,2.0,Aplikasi seringkali crash untuk device saya (iPhone 11) terpaksa uninstalled karena gak bisa dipakai dan balik ke web.,-1
572,572,572,,,-1,,1.0,"Setiap mau baca disuruh login, pdhl sudah login. Cek status katanya belum berlangganan, padahal bayar terus. Aneh banget deh ih",-1
573,573,573,1,,,,5.0,Thanks kompas sudah update . Suka dengan designya yeayy,
574,574,574,,,,,5.0,"Akhirnya, app yang sekarang bisa dikatakan layak. Setara dengan app milik media sebelah. Keren. Masih bisa ditingkatkan lagi sih.",
575,575,575,,,,,3.0,"kompas di iPhone / iPad saya gak bisa buka isi berita, mentok di loading screen. Mohon di perbaiki. Terima kasih",-1
576,576,576,1,,-1,,2.0,"Kalo menurut saya kurang bagus, karena terlalu banyak yg harus berlangganan. Untuk design sih udah ok dan penataan konten.",
577,577,577,,,,,1.0,Saya tidak bisa download epaper sejak update di Version 2.0. Sudah dicoba di iPad dan iPhone. Mohon diperbaiki.,-1
578,578,578,,,,,1.0,Tolong diperbaiki segera. Terima kasih.,
579,579,579,,,-1,,1.0,"Rugi saya berlangganan premium, e-paper aja gak bisa dibuka",
580,580,580,,,,,1.0,Setelah update tak bisa dibaca epapernya,-1
581,581,581,,,,,5.0,Setelah update malah gak bisa di download dibuka sama sekali e-paper nya,-1
582,582,582,,,,,1.0,Barusan update kok malah epaper nya gak bisa dibuka,-1
583,583,583,,,,,1.0,Diupdate malah jd g bisa buka epaper (IOS14),-1
584,584,584,,,,,1.0,Sebelumnya tanggal 15  Novbisa download. Ganti version tgl 17 Nov jadi tidak bisa. Tolong segera perbaiki,-1
585,585,585,,,,,1.0,Cannot download and open epaper after upgrade,-1
586,586,586,,,,,4.0,"Mohon untuk di perbaiki, gak bisa download epaper",-1
587,587,587,0,,,,2.0,"Tolong ditambah beberapa fitur yang buat lebihenak baca, seperti dark mode, landscape mode",
588,588,588,,,,,2.0,Ada error selalu gagal membaca pdf & gak bisa baca e paper,-1
589,589,589,,,-1,,1.0,"Saya berlangganan E paper di aplikasi ini, tapi susah sekali di download bahkan tidak bisa di download.",
590,590,590,-1,,,,2.0,"Tampilan portrait membuat UI terlihat sempit, dan tidak adanya darkmode cukup mengganggu saat ingin membuka aplikasi di malam hari",
591,591,591,,,-1,,1.0,sudah bayar berlangganan tapi sampai sekarang masih belum aktif... gak jelas ni aplikasi 👎👎👎👎👎👎👎,
592,592,592,,,,,5.0,"Untuk akses login lewat google belum bisa mendirect kembali ke apps kompas
Mohon diperbaiki",-1
593,593,593,0,,,,3.0,Kebanyakan aplikasi berbayar untuk membaca konten sudah mempunyai dark mode dan pengaturan teks. Ditunggu tambahan fitur tersebut.,
594,594,594,0,,,,3.0,Mungkin bisa ditingkatkan responsifitas dan mode malam atau tema background menjadi gelap.,0
595,595,595,,,,,1.0,Gagal login pakai google. Tidak bisa akses epaper.,-1
596,596,596,,,-1,,1.0,"Uda langganan 6 bulan, tapi tiap mau download pdf gagal melulu
Mubazir dong...
Benerin bisa ga tolong?",-1
597,597,597,,,-1,,1.0,"Mau klik langganan, tp nggak bisa2. Diperbaiki dong",
598,598,598,0,,,,5.0,"I think you can update your UI/Ukompas to be more friendly. And less bugs, fast update. Thanks",0
599,599,599,-1,,,,2.0,"Aplikasi terlalu berat, loading lama. enggak bisa landscape juga.",-1
