,Komentar,UI/UX,Functionality,Subscription & Pricing,Content Quality,Technical & Access
0,Saya menyukainya selamanya,,,,,
1,Luar biasa kompas,,,,,
2,Membuat saya tertawa.,,,,,
3,mantap,,,,,
4,"bermanfaat, menambah wawasan",,,,1,
5,mantap dan bermanfaat,,,,,
6,Baik betul-betul baik,,,,,
7,keren,,,,,
8,kurang lengkap,,,,-1,
9,jadi tidak,,,,,
10,lets me laugh,,,,,
11,Mantap dan keren,,,,,
12,Bagus,,,,,
13,ok,,,,,
14,kompas berita👍,,,,1,
15,Baik bwnar mwngikuti,,,,,
16,bagus,,,,,
17,Kompas terbaik,,,,,
18,good,,,,,
19,keren KOMPAS,,,,,
20,Kreatifitas Tanpa Batas,,,,,
21,luar biasa,,,,,
22,kerenn kompas,,,,,
23,Patut dijadikan rujukan.,,,,1,
24,Terima Kasih Kompas,,,,,
25,mantafff,,,,,
26,baik,,,,,
27,Enak dibaca,1,,,,
28,berita sll updat,,,,1,
29,Fontnya resmi banget,0,,,,
30,Mahaaalll,,,-1,,
31,bismillah insyaAllah,,,,,
32,ala men.,,,,,
33,menambah wawasan,,,,1,
34,suka banget,,,,,
35,Mantul,,,,,
36,Bermanfaat,,,,,
37,do your best,,,,,
38,Top,,,,,
39,Aplikasi tidak lengkap,,-1,,,
40,tetaplah terpercaya,,,,0,
41,Dengan Akun Bisnis,,,,,
42,pirtli,,,,,
43,. Di,,,,,
44,Berita negeri,,,,,
45,aplikasi yang bagus,,,,,
46,Oke si,,,,,
47,great news,,,,1,
48,mantab,,,,,
49,Keren,,,,,
50,berita terbaik,,,,1,
51,good 👍,,,,,
52,makasi,,,,,
53,Tertarik,,,,,
54,"mantap,akurat terpercaya",,,,1,
55,cukup bagus,,,,,
56,𝙎𝙖𝙣𝙜𝙖𝙩 𝙗𝙖𝙜𝙪𝙨,,,,,
57,good bener,,,,,
58,Sementara baru mencoba...,,,,,
59,Menarik dan baik.,,,,,
60,ok banget,,,,,
61,ya bagus kok,,,,,
62,Informasi informatif,,,,1,
63,Good,,,,,
64,cool,,,,,
65,Terima kasih,,,,,
66,Ok,,,,,
67,minta gratis pak,,,0,,
68,bagus banget,,,,,
69,Mantap,,,,,
70,bagus sangat informatif,,,,1,
71,belum coba,,,,,
72,oke juga,,,,,
73,"Ringan dibaca, berkualitas.",1,,,1,
74,Baru coba,,,,,
75,Bacaan sehat bergizi...,,,,1,
76,Okay banget.,,,,,
77,Mantabbbb,,,,,
78,sudah bagus,,,,,
79,menarik..,,,,,
80,berita nya terakurat,,,,1,
81,mantapppps..,,,,,
82,Sangat menambah wawasan,,,,1,
83,Terbaik,,,,,
84,Ok👌,,,,,
85,info gratis,,,0,,
86,Sangat baik sekali....,,,,,
87,nice news,,,,1,
88,coba dulu,,,,,
89,bagus lanjut,,,,,
90,UI/UX-nya bagus. Top,1,,,,
91,cukup trend,,,,,
92,Good Job,,,,,
93,akurat,,,,1,
94,berita dan dan,,,,,
95,bagus beritanya,,,,1,
96,Best,,,,,
97,Siiiip...,,,,,
98,Menarik,,,,,
99,Baik,,,,,
100,leren beritanya,,,,1,
101,terpercaya dan meringankan,,,,1,
102,Sangat membantu,,,,,
103,Mantap pokoknya,,,,,
104,bagus menarik,,,,,
105,SAYA.SLL INGIN.TAHU.BERITA2. TERBARU.SYUKUR.KALAU.ADA.KOMPAS.,,,,,
106,Maikel Jordan Maikel,,,,,
107,bagus sekali.,,,,,
108,oke,,,,,
109,Good 👍,,,,,
110,Lumayan berkualitas konten-kontennya,,,,1,
111,Tingkatkan lagi,,,,,
112,Berguna,,,,,
113,optimal kan lahj,,,,,
114,mantao,,,,,
115,Good Media News,,,,1,
116,macam betul Jw,,,,,
117,Semakin mendidik,,,,1,
118,Berita terkini,,,,1,
119,Coba dulu,,,,,
120,Ffre,,,,,
121,kompas selalu berisi,,,,1,
122,Trimakasih,,,,,
123,Pekerjaan serabtn,,,,,
124,tetap pertahankan....,,,,,
125,berita nya terupdate,,,,1,
126,Aplikasi bagus,,,,,
127,Bagud sekali,,,,,
128,Survey abal abal,,-1,,,
129,penyajian yang ciamik,,,,1,
130,"Iy e,dan",,,,,
131,membantu sekali,,,,,
132,APLIKASI KAPITALIS,,,-1,,
133,Parkir basement,,,,,
134,independen,,,,1,
135,Mbantu,,,,,
136,Mantap membatu,,,,,
137,nice,,,,,
138,berita nya meyakinkan,,,,1,
139,sangat bagus😊,,,,,
140,Siap diikuti,,,,,
141,Jendela dunia !,,,,,
142,Baru pertama membuka,,,,,
143,ulasan lebih dalam,,,,0,
144,mantap...,,,,,
145,Nice,,,,,
146,tetap terpercaya,,,,0,
147,Aplikasihnya bgs ya,,,,,
148,Media ga kredibel,,,,-1,
149,Oke,,,,,
150,sangat baik,,,,,
151,mantap markotop,,,,,
152,keren.,,,,,
153,Adi Gunadi(Opsional).*,,,,,
154,Semangat sedulur,,,,,
155,Ribet,,,,,
156,bagus berita nya,,,,1,
157,Bagus sekali,,,,,
158,bintang 3 dulu,,,,,
159,Masih Mantap.,,,,,
160,basus,,,,,
161,Berita nasional perkembangannya.,,,,,
162,Berhenti berlangganan,,,0,,
163,Mencerdaskan bangsa,,,,1,
164,Wamena Papua,,,,,
165,Terdepan dan terpercaya,,,,1,
166,tolikarah rawan ni,,,,,
167,baguss,,,,,
168,terpercaya selalu,,,,1,
169,Andi tangsa,,,,,
170,Komporgas bagus,,,,,
171,top,,,,,
172,HARAPAN SAYA,,,,,
173,bisa dimengerti lengkap,,,,1,
174,mantab...,,,,,
175,Tagapsu patat,,,,,
176,Jelek,,,,,
177,"berkesan, bagus",,,,,
178,Okeyantap,,,,,
179,okey,,,,,
180,Lumayan,,,,,
181,Oke good,,,,,
182,Okmanpas.id:baca brit,,,,,
183,informatif dan edukatif,,,,1,
184,harus langganan,,,0,,
185,mAntap,,,,,
186,Super,,,,,
187,Siip,,,,,
188,sangat bagus,,,,,
189,Berita bagus.,,,,1,
190,TPN PB OPM,,,,,
191,Enak dibacanya,1,,,,
192,Bagus 💯,,,,,
193,sip. mantap,,,,,
194,keren!,,,,,
195,informatif,,,,1,
196,"Lengkap materinya, mencerdaskan",,,,1,
197,great,,,,,
198,Berita KPK,,,,,
199,Coba coba dulu,,,,,
200,kossong,,,,,
201,Sangat memuaskan,,,,,
202,Holuk,,,,,
203,Adhityofirdausputra,,,,,
204,Bingung 😕,,,,,
205,Kompas memang hebat,,,,,
206,banyak iklanya😇😇😇,,,-1,,
207,good bngt,,,,,
208,mudah dipahami,,,,1,
209,Baik .,,,,,
210,2 dulu,,,,,
211,sangat berguna ⭐⭐⭐⭐⭐,,,,,
212,Bagus informatif,,,,1,
213,V u,,,,,
214,Bagoos.,,,,,
215,Biasa,,,,,
216,mantaaap,,,,,
217,harus berbayar,,,0,,
218,yah ...,,,,,
219,Kacau,,,,,
220,Iklan sangat mengganggu,,,-1,,
221,Goodi,,,,,
222,Adyik main hp,,,,,
223,"bagus, informatif",,,,1,
224,ya gitu lah,,,,,
225,Sangat bermanfaat,,,,,
226,Hasbi kadafi,,,,,
227,Bagus terima kasih.,,,,,
228,Semakin asyik ....,,,,,
229,"memuaskan, excellent",,,,,
230,Nice👍,,,,,
231,menjunjung netralitas,,,,1,
232,tingkatkan,,,,,
233,Membantu,,,,,
234,Bagus.,,,,,
235,bagus dan informatif,,,,1,
236,Okay,,,,,
237,highlights tdk berfungsi,,,,,-1
238,Good.oke.news...,,,,1,
239,Terimakasih informasinya,,,,,
240,kompas terlalu ok...,,,,,
241,mntul............,,,,,
242,lengkap,,,,1,
243,Marlina Lina,,,,,
244,Akurat,,,,1,
245,mantaap,,,,,
246,sangat menambah pengalaman,,,,,
247,Jempol dah Abis,,,,,
248,sangattt baik,,,,,
249,Bagus banget,,,,,
250,good news,,,,1,
251,Bayar,,,0,,
252,tak bagus,,,,,
253,politik,,,,,
254,berita update,,,,1,
255,Kompas selalu keren!,,,,,
256,Jos,,,,,
257,baru coba,,,,,
258,mntap,,,,,
259,kompas.id,,,,,
260,Good apk👍,,,,,
261,Mantap. Lanjutkan,,,,,
262,produk jurnalisme terpercaya,,,,1,
263,bagus..saya suka..,,,,,
264,Terpercaya,,,,1,
265,Sangat Bagus 👍👍,,,,,
266,Sangat baik,,,,,
267,tidada oke,,,,,
268,Bu,,,,,
269,Terima Kasih,,,,,
270,pelaut,,,,,
271,mudah diakses,,,,,1
272,Tets test,,,,,
273,mò|]¤{■□,,,,,
274,transparan dan terpercaya,,,,1,
275,Jarang membaca beritanya,,,,,
276,Siiiiiiip,,,,,
277,sangat berintegritas,,,,1,
278,Hebat,,,,,
279,Tidak user friendly,-1,,,,
280,Untuk wacana,,,,,
281,sangat bagus pemberian,,,,,
282,coba dululah,,,,,
283,bagus banget beritanya,,,,1,
284,apa.betul.indonesia.raya.persdene.4.banyak.atau.kebanyakan.1.wakil.1.yang.dari.jawa.ya.iyaa.,,,,,
285,Edukatif,,,,1,
286,Bagus untuk berita,,,,1,
287,saya suka sekali,,,,,
288,Koneksi internet terganggu,,,,,-1
289,istimewa,,,,,
290,T.O.P markotop,,,,,
291,Mantap Kompas,,,,,
292,Kualitas mantap,,,,1,
293,Info penting,,,,,
294,Beritanya tdk profesional,,,,-1,
295,Tidak merakyat,,,,-1,
296,Ujaran kebencian,,,,-1,
297,Mantap kompas berita,,,,1,
298,Jelas akurat independent,,,,1,
299,monoton banget,,,,-1,
300,Good news,,,,1,
301,Ciptahadiprana MIUI,,,,,
302,Bagus sejali mak,,,,,
303,Berita terpercaya,,,,1,
304,Beritanya bagus,,,,1,
305,"Cukup baik,",,,,,
306,Sistem pembayaran repottt,,,-1,,
307,ACl GameSopt,,,,,
308,(Lima.5 Aplik...POSTING Normal),,,,,
309,Terimakasih dah gabung,,,,,
310,BAGUS,,,,,
311,Sangay membantu,,,,,
312,Lupa,,,,,
313,Cocok,,,,,
314,Berita sll terupdate,,,,1,
315,Seep,,,,,
316,Cakep,,,,,
317,Sangat bagus,,,,,
318,Berita di papua,,,,,
319,Otentik,,,,1,
320,Berita nya aktual,,,,1,
321,tampilan terlalu berserakan,-1,,,,
322,Berita inasinak Dunia,,,,,
323,Kompas ok,,,,,
324,Aplikasi kompas mantap,,,,,
325,Mantep gan,,,,,
326,Jozzz gandosss....,,,,,
327,Kompasku hebat,,,,,
328,Berita ba diandalkan,,,,1,
329,Sangat informatif,,,,1,
330,Berimbang dalan berita,,,,1,
331,Informasi berbayar,,,0,,
332,Mnyukai berita2ny aktual,,,,1,
333,Beritanya akurat,,,,1,
334,Mencerahkan,,,,1,
335,Sangan membantu informasi,,,,1,
336,Zemalam malam way,,,,,
337,"Bagus, bisa dipercaya.",,,,1,
338,Mantappppp,,,,,
339,Ok bgt,,,,,
340,Olahraga,,,,,
341,Mantapp.,,,,,
342,Melampaui jurnal penelitian,,,,1,
343,Cukup baik,,,,,
344,Good!,,,,,
345,excellent,,,,,
346,Langsung uninstal lagi,,,,,
347,NÀMA?SUTIRAH.APP.BATI.BATI.KABUPATEN.TANAH.LAUT.KAPUNG.BETOK.DARAT.DS.ALAM.SUBUR.DI.KALSEL.,,,,,
348,Bapakasus,,,,,
349,Email masih anonim,,,,,0
350,Bismillah,,,,,
351,Lenisusanti,,,,,
352,Sering tertutup sendiri,,,,,-1
353,Semael,,,,,
354,Mahal biaya berlangganannya.,,,-1,,
355,Murifad,,,,,
356,Mantap.....,,,,,
357,Berita terkini terpercaya,,,,1,
358,Membaca Kompas menyenangkan,1,,,,
359,Cukup Bagus,,,,,
360,Mantap imfo2nya,,,,1,
361,Maju terus kompas,,,,,
362,Informatif,,,,1,
363,Mantab.,,,,,
364,Dzikir.dan doa2,,,,,
365,Freefire,,,,,
366,"sangat membantu, 👍",,,,,
367,penebangan kayu,,,,,
368,Excelent,,,,,
369,Selalu update,,,,1,
370,Keren isinya,,,,1,
371,Aktual tidak hoax,,,,1,
372,Cukup bagus.,,,,,
373,Bagus dan mencerahkan,,,,1,
374,Kompas id top,,,,,
375,Ases lancar,,,,,1
376,Mantaf.. aktual beritanya,,,,1,
377,Mantep,,,,,
378,Mohon makan,,,,,
379,Keren banget,,,,,
380,Corong pemerintah,,,,-1,
381,Tetap langganan kompas,,,0,,
382,jadikan yang terbaik.,,,,,
383,Mantab,,,,,
384,Akurat dan terpercaya,,,,1,
385,Super Bayar. Thanks.,,,0,,
386,Jelas lengkap,,,,1,
387,Teri a,,,,,
388,Gak bisa dibuka,,,,,-1
389,Mencerdaskan,,,,1,
390,"Akurat&Sangat Informatif,thanks.",,,,1,
391,Menyenangkan,,,,,
392,Percobaan,,,,,
393,Cool 👍,,,,,
394,Menambah wawasan,,,,1,
395,Independent,,,,1,
396,Segera cairkan,,,,,
397,Mantaaap kompas,,,,,
398,GA NETRAL PAYAAAH,,,,-1,
399,Suka,,,,,
400,Saya suka ini,,,,,
401,Okey bànget,,,,,
402,Obyektif dan tegas👍👍👍,,,,1,
403,SMARTFREN,,,,,
404,"D,ok",,,,,
405,Positif,,,,,
406,Opsional,,,,,
407,Jossgandoss,,,,,
408,Bayar ga gratis,,,0,,
409,Hobi baca berita,,,,,
410,luarbiasa,,,,,
411,Sangat akurat terpercayA,,,,1,
412,Bagus...,,,,,
413,Nggak netral lagi....payah,,,,-1,
414,Bagud,,,,,
415,TOL,,,,,
416,cnn indonesia,,,,,
417,mendidik.,,,,1,
418,KOMPAS ID,,,,,
419,Oke.,,,,,
420,Wow,,,,,
421,Lugas independen terpercaya,,,,1,
422,Betita Pns,,,,,
423,Mantaap,,,,,
424,Sejak lama update,,,,1,
425,Gak enek bobot'e,,,,-1,
426,Makn pls,,,,,
427,siiip,,,,,
428,Sangat cocok,,,,,
429,Provokator,,,,-1,
430,Osss,,,,,
431,Luar biasa,,,,,
432,Lanjutkan,,,,,
433,MAJU TERUS KOMPAS,,,,,
434,INDRA WIJAYA,,,,,
435,Beritanya tdk bermutu,,,,-1,
436,Masih stabil,,,,,1
437,Jadilah pemersatu bangsa,,,,,
438,Krg bagus,,,,,
439,Mulai framing berita...,,,,-1,
440,kompas memang pas,,,,,
441,Media hoaks,,,,-1,
442,Ulasan berita baik,,,,1,
443,Mantabbb,,,,,
444,Kurang bagus,,,,,
445,bagus🙏,,,,,
446,Baru mengunakan,,,,,
447,Akurat dan bermutu,,,,1,
448,Senang membaca,1,,,,
449,Terkini dan aktual,,,,1,
450,Tetap yg terbaik,,,,,
451,Good ++,,,,,
452,ada diskon gk?,,,0,,
453,dicoba dulu,,,,,
454,"Mantap , Bro",,,,,
455,"keren kompas,,,,,,,",,,,,
456,Mulai melenceng kau,,,,-1,
457,Coba dl,,,,,
458,terbaik dan terpercaya,,,,1,
459,Flimbf,,,,,
460,bintang lima,,,,,
461,#👍 pajintan,,,,,
462,Uji,,,,,
463,Gara-gara Rodiyah,,,,,
464,Oke...jelas,,,,,
465,Pencinta harian. Kompas,,,,,
466,Aktual terpercaya,,,,1,
467,Tepat akurat,,,,1,
468,Saya menyukai kompas,,,,,
469,Bagus lah....😃😃,,,,,
470,Aku baru,,,,,
471,Cepat & akurat,,,,1,
472,Kurang akurat,,,,-1,
473,Mencerdaskan bangsa.,,,,1,
474,cukupbaik,,,,,
475,sangat membanru,,,,,
476,kompas mantap,,,,,
477,ulasan,,,,,
478,senang baca opininya...,,,,1,
479,Beritanya tak bombastis,,,,1,
480,sip,,,,,
481,ini saaaaangat membantu,,,,,
482,hebat,,,,,
